account_id,provider_account_id,provider_id,provider_name,account_number,account_name,displayed_name,container,account_type,account_status,user_classification,classification,aggregation_source,is_asset,is_manual,include_in_net_worth,balance_amount,balance_currency,vested_balance_amount,vested_balance_currency,cash_balance_amount,cash_balance_currency,401k_loan_amount,401k_loan_currency,running_balance_amount,running_balance_currency,current_balance_amount,current_balance_currency,available_balance_amount,available_balance_currency,available_credit_amount,available_credit_currency,total_credit_line_amount,total_credit_line_currency,available_cash_amount,available_cash_currency,total_cash_limit_amount,total_cash_limit_currency,last_payment_amount,last_payment_currency,last_payment_date,apr,cash_apr,created_date,last_updated,ingestion_timestamp
P-7015,11366699,16441,Dag Site,xxxx3xxx,TESTDATA,accountHolder,bank,CHECKING,ACTIVE,PERSONAL,PERSONAL,USER,true,false,true,150000.0000,USD,0.0000,USD,150000.0000,USD,0.0000,USD,150000.0000,USD,150000.0000,USD,150000.0000,USD,0.0000,USD,0.0000,USD,0.0000,USD,0.0000,USD,0.0000,USD,2026-08-11,0.0000,0.0000,2026-09-06 18:17:36,2026-08-11 12:00:00,2026-08-11 12:00:00
P-7015,11366699,16441,Dag Site,xxxx3xxx,TESTDATA,accountHolder,bank,CHECKING,ACTIVE,PERSONAL,PERSONAL,USER,true,false,true,150000.0000,USD,0.0000,USD,150000.0000,USD,0.0000,USD,150000.0000,USD,150000.0000,USD,150000.0000,USD,0.0000,USD,0.0000,USD,0.0000,USD,0.0000,USD,0.0000,USD,2026-08-12,0.0000,0.0000,2026-09-06 18:17:36,2026-08-12 12:00:00,2026-08-12 12:00:00
P-7015,11366699,16441,Dag Site,xxxx3xxx,TESTDATA,accountHolder,bank,CHECKING,ACTIVE,PERSONAL,PERSONAL,USER,true,false,true,150000.0000,USD,0.0000,USD,150000.0000,USD,0.0000,USD,150000.0000,USD,150000.0000,USD,150000.0000,USD,0.0000,USD,0.0000,USD,0.0000,USD,0.0000,USD,0.0000,USD,2026-08-13,0.0000,0.0000,2026-09-06 18:17:36,2026-08-13 12:00:00,2026-08-13 12:00:00
P-7015,11366699,16441,Dag Site,xxxx3xxx,TESTDATA,accountHolder,bank,CHECKING,ACTIVE,PERSONAL,PERSONAL,USER,true,false,true,150000.0000,USD,0.0000,USD,150000.0000,USD,0.0000,USD,150000.0000,USD,150000.0000,USD,150000.0000,USD,0.0000,USD,0.0000,USD,0.0000,USD,0.0000,USD,0.0000,USD,2026-08-14,0.0000,0.0000,2026-09-06 18:17:36,2026-08-14 12:00:00,2026-08-14 12:00:00
P-7015,11366699,16441,Dag Site,xxxx3xxx,TESTDATA,accountHolder,bank,CHECKING,ACTIVE,PERSONAL,PERSONAL,USER,true,false,true,150000.0000,USD,0.0000,USD,150000.0000,USD,0.0000,USD,150000.0000,USD,150000.0000,USD,150000.0000,USD,0.0000,USD,0.0000,USD,0.0000,USD,0.0000,USD,0.0000,USD,2026-08-15,0.0000,0.0000,2026-09-06 18:17:36,2026-08-15 12:00:00,2026-08-15 12:00:00
P-7015,11366699,16441,Dag Site,xxxx3xxx,TESTDATA,accountHolder,bank,CHECKING,ACTIVE,PERSONAL,PERSONAL,USER,true,false,true,150000.0000,USD,0.0000,USD,150000.0000,USD,0.0000,USD,150000.0000,USD,150000.0000,USD,150000.0000,USD,0.0000,USD,0.0000,USD,0.0000,USD,0.0000,USD,0.0000,USD,2026-08-16,0.0000,0.0000,2026-09-06 18:17:36,2026-08-16 12:00:00,2026-08-16 12:00:00
P-7015,11366699,16441,Dag Site,xxxx3xxx,TESTDATA,accountHolder,bank,CHECKING,ACTIVE,PERSONAL,PERSONAL,USER,true,false,true,150000.0000,USD,0.0000,USD,150000.0000,USD,0.0000,USD,150000.0000,USD,150000.0000,USD,150000.0000,USD,0.0000,USD,0.0000,USD,0.0000,USD,0.0000,USD,0.0000,USD,2026-08-17,0.0000,0.0000,2026-09-06 18:17:36,2026-08-17 12:00:00,2026-08-17 12:00:00
P-7015,11366699,16441,Dag Site,xxxx3xxx,TESTDATA,accountHolder,bank,CHECKING,ACTIVE,PERSONAL,PERSONAL,USER,true,false,true,150000.0000,USD,0.0000,USD,150000.0000,USD,0.0000,USD,150000.0000,USD,150000.0000,USD,150000.0000,USD,0.0000,USD,0.0000,USD,0.0000,USD,0.0000,USD,0.0000,USD,2026-08-18,0.0000,0.0000,2026-09-06 18:17:36,2026-08-18 12:00:00,2026-08-18 12:00:00
P-7015,11366699,16441,Dag Site,xxxx3xxx,TESTDATA,accountHolder,bank,CHECKING,ACTIVE,PERSONAL,PERSONAL,USER,true,false,true,150000.0000,USD,0.0000,USD,150000.0000,USD,0.0000,USD,150000.0000,USD,150000.0000,USD,150000.0000,USD,0.0000,USD,0.0000,USD,0.0000,USD,0.0000,USD,0.0000,USD,2026-08-19,0.0000,0.0000,2026-09-06 18:17:36,2026-08-19 12:00:00,2026-08-19 12:00:00
P-7015,11366699,16441,Dag Site,xxxx3xxx,TESTDATA,accountHolder,bank,CHECKING,ACTIVE,PERSONAL,PERSONAL,USER,true,false,true,150000.0000,USD,0.0000,USD,150000.0000,USD,0.0000,USD,150000.0000,USD,150000.0000,USD,150000.0000,USD,0.0000,USD,0.0000,USD,0.0000,USD,0.0000,USD,0.0000,USD,2026-08-20,0.0000,0.0000,2026-09-06 18:17:36,2026-08-20 12:00:00,2026-08-20 12:00:00
P-7015,11366699,16441,Dag Site,xxxx3xxx,TESTDATA,accountHolder,bank,CHECKING,ACTIVE,PERSONAL,PERSONAL,USER,true,false,true,150000.0000,USD,0.0000,USD,150000.0000,USD,0.0000,USD,150000.0000,USD,150000.0000,USD,150000.0000,USD,0.0000,USD,0.0000,USD,0.0000,USD,0.0000,USD,0.0000,USD,2026-08-21,0.0000,0.0000,2026-09-06 18:17:36,2026-08-21 12:00:00,2026-08-21 12:00:00
P-7015,11366699,16441,Dag Site,xxxx3xxx,TESTDATA,accountHolder,bank,CHECKING,ACTIVE,PERSONAL,PERSONAL,USER,true,false,true,150000.0000,USD,0.0000,USD,150000.0000,USD,0.0000,USD,150000.0000,USD,150000.0000,USD,150000.0000,USD,0.0000,USD,0.0000,USD,0.0000,USD,0.0000,USD,0.0000,USD,2026-08-22,0.0000,0.0000,2026-09-06 18:17:36,2026-08-22 12:00:00,2026-08-22 12:00:00
P-7015,11366699,16441,Dag Site,xxxx3xxx,TESTDATA,accountHolder,bank,CHECKING,ACTIVE,PERSONAL,PERSONAL,USER,true,false,true,150000.0000,USD,0.0000,USD,150000.0000,USD,0.0000,USD,150000.0000,USD,150000.0000,USD,150000.0000,USD,0.0000,USD,0.0000,USD,0.0000,USD,0.0000,USD,0.0000,USD,2026-08-23,0.0000,0.0000,2026-09-06 18:17:36,2026-08-23 12:00:00,2026-08-23 12:00:00
P-7015,11366699,16441,Dag Site,xxxx3xxx,TESTDATA,accountHolder,bank,CHECKING,ACTIVE,PERSONAL,PERSONAL,USER,true,false,true,150000.0000,USD,0.0000,USD,150000.0000,USD,0.0000,USD,150000.0000,USD,150000.0000,USD,150000.0000,USD,0.0000,USD,0.0000,USD,0.0000,USD,0.0000,USD,0.0000,USD,2026-08-24,0.0000,0.0000,2026-09-06 18:17:36,2026-08-24 12:00:00,2026-08-24 12:00:00
P-7015,11366699,16441,Dag Site,xxxx3xxx,TESTDATA,accountHolder,bank,CHECKING,ACTIVE,PERSONAL,PERSONAL,USER,true,false,true,150000.0000,USD,0.0000,USD,150000.0000,USD,0.0000,USD,150000.0000,USD,150000.0000,USD,150000.0000,USD,0.0000,USD,0.0000,USD,0.0000,USD,0.0000,USD,0.0000,USD,2026-08-25,0.0000,0.0000,2026-09-06 18:17:36,2026-08-25 12:00:00,2026-08-25 12:00:00
P-7015,11366699,16441,Dag Site,xxxx3xxx,TESTDATA,accountHolder,bank,CHECKING,ACTIVE,PERSONAL,PERSONAL,USER,true,false,true,150000.0000,USD,0.0000,USD,150000.0000,USD,0.0000,USD,150000.0000,USD,150000.0000,USD,150000.0000,USD,0.0000,USD,0.0000,USD,0.0000,USD,0.0000,USD,0.0000,USD,2026-08-26,0.0000,0.0000,2026-09-06 18:17:36,2026-08-26 12:00:00,2026-08-26 12:00:00
P-7015,11366699,16441,Dag Site,xxxx3xxx,TESTDATA,accountHolder,bank,CHECKING,ACTIVE,PERSONAL,PERSONAL,USER,true,false,true,150000.0000,USD,0.0000,USD,150000.0000,USD,0.0000,USD,150000.0000,USD,150000.0000,USD,150000.0000,USD,0.0000,USD,0.0000,USD,0.0000,USD,0.0000,USD,0.0000,USD,2026-08-27,0.0000,0.0000,2026-09-06 18:17:36,2026-08-27 12:00:00,2026-08-27 12:00:00
P-7015,11366699,16441,Dag Site,xxxx3xxx,TESTDATA,accountHolder,bank,CHECKING,ACTIVE,PERSONAL,PERSONAL,USER,true,false,true,150000.0000,USD,0.0000,USD,150000.0000,USD,0.0000,USD,150000.0000,USD,150000.0000,USD,150000.0000,USD,0.0000,USD,0.0000,USD,0.0000,USD,0.0000,USD,0.0000,USD,2026-08-28,0.0000,0.0000,2026-09-06 18:17:36,2026-08-28 12:00:00,2026-08-28 12:00:00
P-7015,11366699,16441,Dag Site,xxxx3xxx,TESTDATA,accountHolder,bank,CHECKING,ACTIVE,PERSONAL,PERSONAL,USER,true,false,true,150000.0000,USD,0.0000,USD,150000.0000,USD,0.0000,USD,150000.0000,USD,150000.0000,USD,150000.0000,USD,0.0000,USD,0.0000,USD,0.0000,USD,0.0000,USD,0.0000,USD,2026-08-29,0.0000,0.0000,2026-09-06 18:17:36,2026-08-29 12:00:00,2026-08-29 12:00:00
P-7015,11366698,16441,Dag Site,xxxx8990,Corporate 401(k) Retirement Plan,Corporate 401(k) Retirement Plan,investment,IRA,ACTIVE,PERSONAL,PERSONAL,USER,true,false,true,90000.0000,USD,90000.0000,USD,0.0000,USD,0.0000,USD,0.0000,USD,90000.0000,USD,0.0000,USD,0.0000,USD,0.0000,USD,0.0000,USD,0.0000,USD,0.0000,USD,,0.0000,0.0000,2026-09-06 18:17:36,2026-08-30 12:00:00,2026-08-30 12:00:00
P-7015,11366699,16441,Dag Site,xxxx3xxx,TESTDATA,accountHolder,bank,CHECKING,ACTIVE,PERSONAL,PERSONAL,USER,true,false,true,150000.0000,USD,0.0000,USD,150000.0000,USD,0.0000,USD,150000.0000,USD,150000.0000,USD,150000.0000,USD,0.0000,USD,0.0000,USD,0.0000,USD,0.0000,USD,0.0000,USD,2026-08-31,0.0000,0.0000,2026-09-06 18:17:36,2026-08-31 12:00:00,2026-08-31 12:00:00
P-7015,11366699,16441,Dag Site,xxxx3xxx,TESTDATA,accountHolder,bank,CHECKING,ACTIVE,PERSONAL,PERSONAL,USER,true,false,true,150000.0000,USD,0.0000,USD,150000.0000,USD,0.0000,USD,150000.0000,USD,150000.0000,USD,150000.0000,USD,0.0000,USD,0.0000,USD,0.0000,USD,0.0000,USD,0.0000,USD,2026-09-01,0.0000,0.0000,2026-09-06 18:17:36,2026-09-01 12:00:00,2026-09-01 12:00:00
P-7015,11366699,16441,Dag Site,xxxx3xxx,TESTDATA,accountHolder,bank,CHECKING,ACTIVE,PERSONAL,PERSONAL,USER,true,false,true,150000.0000,USD,0.0000,USD,150000.0000,USD,0.0000,USD,150000.0000,USD,150000.0000,USD,150000.0000,USD,0.0000,USD,0.0000,USD,0.0000,USD,0.0000,USD,0.0000,USD,2026-09-02,0.0000,0.0000,2026-09-06 18:17:36,2026-09-02 12:00:00,2026-09-02 12:00:00
P-7015,11366699,16441,Dag Site,xxxx3xxx,TESTDATA,accountHolder,bank,CHECKING,ACTIVE,PERSONAL,PERSONAL,USER,true,false,true,150000.0000,USD,0.0000,USD,150000.0000,USD,0.0000,USD,150000.0000,USD,150000.0000,USD,150000.0000,USD,0.0000,USD,0.0000,USD,0.0000,USD,0.0000,USD,0.0000,USD,2026-09-03,0.0000,0.0000,2026-09-06 18:17:36,2026-09-03 12:00:00,2026-09-03 12:00:00
P-7015,11366699,16441,Dag Site,xxxx3xxx,TESTDATA,accountHolder,bank,CHECKING,ACTIVE,PERSONAL,PERSONAL,USER,true,false,true,150000.0000,USD,0.0000,USD,150000.0000,USD,0.0000,USD,150000.0000,USD,150000.0000,USD,150000.0000,USD,0.0000,USD,0.0000,USD,0.0000,USD,0.0000,USD,0.0000,USD,2026-09-04,0.0000,0.0000,2026-09-06 18:17:36,2026-09-04 12:00:00,2026-09-04 12:00:00
P-7015,11366699,16441,Dag Site,xxxx3xxx,TESTDATA,accountHolder,bank,CHECKING,ACTIVE,PERSONAL,PERSONAL,USER,true,false,true,150000.0000,USD,0.0000,USD,150000.0000,USD,0.0000,USD,150000.0000,USD,150000.0000,USD,150000.0000,USD,0.0000,USD,0.0000,USD,0.0000,USD,0.0000,USD,0.0000,USD,2026-09-05,0.0000,0.0000,2026-09-06 18:17:36,2026-09-05 12:00:00,2026-09-05 12:00:00
P-7015,11366699,16441,Dag Site,xxxx3xxx,TESTDATA,accountHolder,bank,CHECKING,ACTIVE,PERSONAL,PERSONAL,USER,true,false,true,150000.0000,USD,0.0000,USD,150000.0000,USD,0.0000,USD,150000.0000,USD,150000.0000,USD,150000.0000,USD,0.0000,USD,0.0000,USD,0.0000,USD,0.0000,USD,0.0000,USD,2026-09-06,0.0000,0.0000,2026-09-06 18:17:36,2026-09-06 12:00:00,2026-09-06 12:00:00
P-7015,11366699,16441,Dag Site,xxxx3xxx,TESTDATA,accountHolder,bank,CHECKING,ACTIVE,PERSONAL,PERSONAL,USER,true,false,true,150000.0000,USD,0.0000,USD,150000.0000,USD,0.0000,USD,150000.0000,USD,150000.0000,USD,150000.0000,USD,0.0000,USD,0.0000,USD,0.0000,USD,0.0000,USD,0.0000,USD,2026-09-07,0.0000,0.0000,2026-09-06 18:17:36,2026-09-07 12:00:00,2026-09-07 12:00:00
P-7015,11366699,16441,Dag Site,xxxx3xxx,TESTDATA,accountHolder,bank,CHECKING,ACTIVE,PERSONAL,PERSONAL,USER,true,false,true,150000.0000,USD,0.0000,USD,150000.0000,USD,0.0000,USD,150000.0000,USD,150000.0000,USD,150000.0000,USD,0.0000,USD,0.0000,USD,0.0000,USD,0.0000,USD,0.0000,USD,2026-09-08,0.0000,0.0000,2026-09-06 18:17:36,2026-09-08 12:00:00,2026-09-08 12:00:00
P-7015,11366699,16441,Dag Site,xxxx3xxx,TESTDATA,accountHolder,bank,CHECKING,ACTIVE,PERSONAL,PERSONAL,USER,true,false,true,150000.0000,USD,0.0000,USD,150000.0000,USD,0.0000,USD,150000.0000,USD,150000.0000,USD,150000.0000,USD,0.0000,USD,0.0000,USD,0.0000,USD,0.0000,USD,0.0000,USD,2026-09-09,0.0000,0.0000,2026-09-06 18:17:36,2026-09-09 12:00:00,2026-09-09 12:00:00
P-7015,11366699,16441,Dag Site,xxxx3xxx,TESTDATA,accountHolder,bank,CHECKING,ACTIVE,PERSONAL,PERSONAL,USER,true,false,true,150000.0000,USD,0.0000,USD,150000.0000,USD,0.0000,USD,150000.0000,USD,150000.0000,USD,150000.0000,USD,0.0000,USD,0.0000,USD,0.0000,USD,0.0000,USD,0.0000,USD,2026-09-10,0.0000,0.0000,2026-09-06 18:17:36,2026-09-10 12:00:00,2026-09-10 12:00:00
P-7015,11366699,16441,Dag Site,xxxx3xxx,TESTDATA,accountHolder,bank,CHECKING,ACTIVE,PERSONAL,PERSONAL,USER,true,false,true,150000.0000,USD,0.0000,USD,150000.0000,USD,0.0000,USD,150000.0000,USD,150000.0000,USD,150000.0000,USD,0.0000,USD,0.0000,USD,0.0000,USD,0.0000,USD,0.0000,USD,2026-09-11,0.0000,0.0000,2026-09-06 18:17:36,2026-09-11 12:00:00,2026-09-11 12:00:00
P-7015,11366699,16441,Dag Site,xxxx3xxx,TESTDATA,accountHolder,bank,CHECKING,ACTIVE,PERSONAL,PERSONAL,USER,true,false,true,150000.0000,USD,0.0000,USD,150000.0000,USD,0.0000,USD,150000.0000,USD,150000.0000,USD,150000.0000,USD,0.0000,USD,0.0000,USD,0.0000,USD,0.0000,USD,0.0000,USD,2026-09-12,0.0000,0.0000,2026-09-06 18:17:36,2026-09-12 12:00:00,2026-09-12 12:00:00
P-7015,11366699,16441,Dag Site,xxxx3xxx,TESTDATA,accountHolder,bank,CHECKING,ACTIVE,PERSONAL,PERSONAL,USER,true,false,true,150000.0000,USD,0.0000,USD,150000.0000,USD,0.0000,USD,150000.0000,USD,150000.0000,USD,150000.0000,USD,0.0000,USD,0.0000,USD,0.0000,USD,0.0000,USD,0.0000,USD,2026-09-13,0.0000,0.0000,2026-09-06 18:17:36,2026-09-13 12:00:00,2026-09-13 12:00:00
P-7015,11366699,16441,Dag Site,xxxx3xxx,TESTDATA,accountHolder,bank,CHECKING,ACTIVE,PERSONAL,PERSONAL,USER,true,false,true,150000.0000,USD,0.0000,USD,150000.0000,USD,0.0000,USD,150000.0000,USD,150000.0000,USD,150000.0000,USD,0.0000,USD,0.0000,USD,0.0000,USD,0.0000,USD,0.0000,USD,2026-09-14,0.0000,0.0000,2026-09-06 18:17:36,2026-09-14 12:00:00,2026-09-14 12:00:00
P-7015,11366699,16441,Dag Site,xxxx3xxx,TESTDATA,accountHolder,bank,CHECKING,ACTIVE,PERSONAL,PERSONAL,USER,true,false,true,150000.0000,USD,0.0000,USD,150000.0000,USD,0.0000,USD,150000.0000,USD,150000.0000,USD,150000.0000,USD,0.0000,USD,0.0000,USD,0.0000,USD,0.0000,USD,0.0000,USD,2026-09-15,0.0000,0.0000,2026-09-06 18:17:36,2026-09-15 12:00:00,2026-09-15 12:00:00
P-7015,11366699,16441,Dag Site,xxxx3xxx,TESTDATA,accountHolder,bank,CHECKING,ACTIVE,PERSONAL,PERSONAL,USER,true,false,true,150000.0000,USD,0.0000,USD,150000.0000,USD,0.0000,USD,150000.0000,USD,150000.0000,USD,150000.0000,USD,0.0000,USD,0.0000,USD,0.0000,USD,0.0000,USD,0.0000,USD,2026-09-16,0.0000,0.0000,2026-09-06 18:17:36,2026-09-16 12:00:00,2026-09-16 12:00:00
P-7015,11366699,16441,Dag Site,xxxx3xxx,TESTDATA,accountHolder,bank,CHECKING,ACTIVE,PERSONAL,PERSONAL,USER,true,false,true,150000.0000,USD,0.0000,USD,150000.0000,USD,0.0000,USD,150000.0000,USD,150000.0000,USD,150000.0000,USD,0.0000,USD,0.0000,USD,0.0000,USD,0.0000,USD,0.0000,USD,2026-09-17,0.0000,0.0000,2026-09-06 18:17:36,2026-09-17 12:00:00,2026-09-17 12:00:00
P-7015,11366699,16441,Dag Site,xxxx3xxx,TESTDATA,accountHolder,bank,CHECKING,ACTIVE,PERSONAL,PERSONAL,USER,true,false,true,150000.0000,USD,0.0000,USD,150000.0000,USD,0.0000,USD,150000.0000,USD,150000.0000,USD,150000.0000,USD,0.0000,USD,0.0000,USD,0.0000,USD,0.0000,USD,0.0000,USD,2026-09-18,0.0000,0.0000,2026-09-06 18:17:36,2026-09-18 12:00:00,2026-09-18 12:00:00
P-7015,11366699,16441,Dag Site,xxxx3xxx,TESTDATA,accountHolder,bank,CHECKING,ACTIVE,PERSONAL,PERSONAL,USER,true,false,true,150000.0000,USD,0.0000,USD,150000.0000,USD,0.0000,USD,150000.0000,USD,150000.0000,USD,150000.0000,USD,0.0000,USD,0.0000,USD,0.0000,USD,0.0000,USD,0.0000,USD,2026-09-19,0.0000,0.0000,2026-09-06 18:17:36,2026-09-19 12:00:00,2026-09-19 12:00:00
P-7015,11366699,16441,Dag Site,xxxx3xxx,TESTDATA,accountHolder,bank,CHECKING,ACTIVE,PERSONAL,PERSONAL,USER,true,false,true,150000.0000,USD,0.0000,USD,150000.0000,USD,0.0000,USD,150000.0000,USD,150000.0000,USD,150000.0000,USD,0.0000,USD,0.0000,USD,0.0000,USD,0.0000,USD,0.0000,USD,2026-09-20,0.0000,0.0000,2026-09-06 18:17:36,2026-09-20 12:00:00,2026-09-20 12:00:00
P-7015,11366699,16441,Dag Site,xxxx3xxx,TESTDATA,accountHolder,bank,CHECKING,ACTIVE,PERSONAL,PERSONAL,USER,true,false,true,150000.0000,USD,0.0000,USD,150000.0000,USD,0.0000,USD,150000.0000,USD,150000.0000,USD,150000.0000,USD,0.0000,USD,0.0000,USD,0.0000,USD,0.0000,USD,0.0000,USD,2026-09-21,0.0000,0.0000,2026-09-06 18:17:36,2026-09-21 12:00:00,2026-09-21 12:00:00
P-7015,11366699,16441,Dag Site,xxxx3xxx,TESTDATA,accountHolder,bank,CHECKING,ACTIVE,PERSONAL,PERSONAL,USER,true,false,true,150000.0000,USD,0.0000,USD,150000.0000,USD,0.0000,USD,150000.0000,USD,150000.0000,USD,150000.0000,USD,0.0000,USD,0.0000,USD,0.0000,USD,0.0000,USD,0.0000,USD,2026-09-22,0.0000,0.0000,2026-09-06 18:17:36,2026-09-22 12:00:00,2026-09-22 12:00:00
P-7015,11366699,16441,Dag Site,xxxx3xxx,TESTDATA,accountHolder,bank,CHECKING,ACTIVE,PERSONAL,PERSONAL,USER,true,false,true,150000.0000,USD,0.0000,USD,150000.0000,USD,0.0000,USD,150000.0000,USD,150000.0000,USD,150000.0000,USD,0.0000,USD,0.0000,USD,0.0000,USD,0.0000,USD,0.0000,USD,2026-09-23,0.0000,0.0000,2026-09-06 18:17:36,2026-09-23 12:00:00,2026-09-23 12:00:00
P-7015,11366699,16441,Dag Site,xxxx3xxx,TESTDATA,accountHolder,bank,CHECKING,ACTIVE,PERSONAL,PERSONAL,USER,true,false,true,150000.0000,USD,0.0000,USD,150000.0000,USD,0.0000,USD,150000.0000,USD,150000.0000,USD,150000.0000,USD,0.0000,USD,0.0000,USD,0.0000,USD,0.0000,USD,0.0000,USD,2026-09-24,0.0000,0.0000,2026-09-06 18:17:36,2026-09-24 12:00:00,2026-09-24 12:00:00
P-7015,11366699,16441,Dag Site,xxxx3xxx,TESTDATA,accountHolder,bank,CHECKING,ACTIVE,PERSONAL,PERSONAL,USER,true,false,true,150000.0000,USD,0.0000,USD,150000.0000,USD,0.0000,USD,150000.0000,USD,150000.0000,USD,150000.0000,USD,0.0000,USD,0.0000,USD,0.0000,USD,0.0000,USD,0.0000,USD,2026-09-25,0.0000,0.0000,2026-09-06 18:17:36,2026-09-25 12:00:00,2026-09-25 12:00:00
P-7015,11366699,16441,Dag Site,xxxx3xxx,TESTDATA,accountHolder,bank,CHECKING,ACTIVE,PERSONAL,PERSONAL,USER,true,false,true,150000.0000,USD,0.0000,USD,150000.0000,USD,0.0000,USD,150000.0000,USD,150000.0000,USD,150000.0000,USD,0.0000,USD,0.0000,USD,0.0000,USD,0.0000,USD,0.0000,USD,2026-09-26,0.0000,0.0000,2026-09-06 18:17:36,2026-09-26 12:00:00,2026-09-26 12:00:00
P-7015,11366699,16441,Dag Site,xxxx3xxx,TESTDATA,accountHolder,bank,CHECKING,ACTIVE,PERSONAL,PERSONAL,USER,true,false,true,150000.0000,USD,0.0000,USD,150000.0000,USD,0.0000,USD,150000.0000,USD,150000.0000,USD,150000.0000,USD,0.0000,USD,0.0000,USD,0.0000,USD,0.0000,USD,0.0000,USD,2026-09-27,0.0000,0.0000,2026-09-06 18:17:36,2026-09-27 12:00:00,2026-09-27 12:00:00
P-7015,11366699,16441,Dag Site,xxxx3xxx,TESTDATA,accountHolder,bank,CHECKING,ACTIVE,PERSONAL,PERSONAL,USER,true,false,true,150000.0000,USD,0.0000,USD,150000.0000,USD,0.0000,USD,150000.0000,USD,150000.0000,USD,150000.0000,USD,0.0000,USD,0.0000,USD,0.0000,USD,0.0000,USD,0.0000,USD,2026-09-28,0.0000,0.0000,2026-09-06 18:17:36,2026-09-28 12:00:00,2026-09-28 12:00:00
P-7015,11366698,16441,Dag Site,xxxx8990,Corporate 401(k) Retirement Plan,Corporate 401(k) Retirement Plan,investment,IRA,INACTIVE,PERSONAL,PERSONAL,USER,true,false,true,20000.0000,USD,20000.0000,USD,0.0000,USD,0.0000,USD,0.0000,USD,20000.0000,USD,0.0000,USD,0.0000,USD,0.0000,USD,0.0000,USD,0.0000,USD,0.0000,USD,,0.0000,0.0000,2026-09-06 18:17:36,2026-09-29 12:00:00,2026-09-29 12:00:00
